Doc	MatchingDoc	MatchPercentage
Brescia_0004	Brescia_0014	33
Brescia_0006	Halfan_0107	33
Brescia_0020	Brescia_0130	100
Brescia_0020	Halfan_0146	100
Brescia_0022	Halfan_0095	50
Brescia_0022	Halfan_0248	50
Brescia_0022	Halfan_0114	50
Brescia_0022	Halfan_0113	100
Brescia_0024	Halfan_0099	25
Brescia_0024	Halfan_0050	25
Brescia_0024	Halfan_0244	25
Brescia_0029	Halfan_0069	16
Brescia_0030	Halfan_0113	63
Brescia_0031	Halfan_0113	25
Brescia_0035	Halfan_0159	25
Brescia_0035	Magnificant_0022	25
Brescia_0035	Munic_448_0003	25
Brescia_0036	Brescia_0042	16
Brescia_0043	Halfan_0116	30
Brescia_0048	Halfan_0116	20
Brescia_0051	Magnificant_0889	50
Brescia_0051	Magnificant_0179	50
Brescia_0054	Brescia_0078	20
Brescia_0057	Brescia_0130	25
Brescia_0059	Magnificant_0785	20
Brescia_0060	Brescia_0089	30
Brescia_0060	Halfan_0025	40
Brescia_0076	Magnificant_0889	50
Brescia_0076	Magnificant_0866	50
Brescia_0076	Magnificant_0415	50
Brescia_0077	Magnificant_0455	50
Brescia_0077	Magnificant_0785	50
Brescia_0084	Brescia_0086	37
Brescia_0084	Brescia_0085	25
Brescia_0085	Halfan_0022	15
Brescia_0086	Brescia_0084	20
Brescia_0087	Brescia_0031	18
Brescia_0088	Brescia_0143	25
Brescia_0088	Halfan_0228	25
Brescia_0089	Brescia_0060	33
Brescia_0089	Halfan_0025	33
Brescia_0090	Magnificant_0880	25
Brescia_0090	Halfan_0224	25
Brescia_0090	Halfan_0025	25
Brescia_0090	Magnificant_0378	25
Brescia_0091	Brescia_0111	25
Brescia_0091	Halfan_0025	100
Brescia_0091	Magnificant_0585	25
Brescia_0094	Magnificant_0757	40
Brescia_0094	Magnificant_0239	40
Brescia_0109	Munic_448_0009	25
Brescia_0109	Magnificant_0609	25
Brescia_0111	Halfan_0025	20
Brescia_0115	Brescia_0014	16
Brescia_0115	Brescia_0132	25
Brescia_0116	Halfan_0146	33
Brescia_0119	Halfan_0152	27
Brescia_0123	Brescia_0031	30
Brescia_0125	Magnificant_0266	100
Brescia_0125	Magnificant_0279	100
Brescia_0127	Halfan_0113	16
Brescia_0132	Brescia_0115	25