Doc	MatchingDoc	MatchPercentage
Halfan_0002	Halfan_0135	50
Halfan_0003	Munic_448_0001	100
Halfan_0006	Magnificant_0711	33
Halfan_0006	Magnificant_0649	33
Halfan_0006	Halfan_0138	33
Halfan_0007	Halfan_0253	33
Halfan_0007	Halfan_0108	33
Halfan_0007	Magnificant_0020	33
Halfan_0007	Magnificant_0674	33
Halfan_0007	Halfan_0135	33
Halfan_0007	Magnificant_0852	33
Halfan_0031	Halfan_0146	50
Halfan_0035	Munic_448_0030	50
Halfan_0035	Munic_448_0017	50
Halfan_0040	Brescia_0142	50
Halfan_0040	Halfan_0192	25
Halfan_0046	Halfan_0047	16
Halfan_0048	Halfan_0198	35
Halfan_0050	Munic_448_0039	53
Halfan_0051	Halfan_0201	40
Halfan_0053	Magnificant_0277	33
Halfan_0054	Magnificant_0527	25
Halfan_0054	Halfan_0093	25
Halfan_0054	Halfan_0202	25
Halfan_0055	Magnificant_0317	100
Halfan_0056	Munic_448_0042	63
Halfan_0056	Magnificant_0320	54
Halfan_0056	Halfan_0203	27
Halfan_0057	Munic_448_0043	60
Halfan_0057	Magnificant_0320	20
Halfan_0058	Munic_448_0043	28
Halfan_0058	Munic_448_0042	43
Halfan_0058	Magnificant_0320	40
Halfan_0059	Halfan_0198	15
Halfan_0059	Halfan_0060	15
Halfan_0059	Halfan_0204	15
Halfan_0060	Munic_448_0017	11
Halfan_0061	Halfan_0206	16
Halfan_0064	Halfan_0063	27
Halfan_0064	Munic_448_0047	27
Halfan_0066	Halfan_0198	25
Halfan_0066	Halfan_0149	25
Halfan_0069	Halfan_0210	18
Halfan_0070	Halfan_0212	16
Halfan_0070	Halfan_0211	25
Halfan_0070	Magnificant_0279	16
Halfan_0072	Halfan_0159	33
Halfan_0073	Halfan_0071	15
Halfan_0073	Halfan_0212	30
Halfan_0073	Halfan_0211	15
Halfan_0076	Halfan_0213	40
Halfan_0076	Magnificant_0322	20
Halfan_0078	Halfan_0214	27
Halfan_0080	Munic_448_0054	21
Halfan_0080	Halfan_0215	42
Halfan_0081	Munic_448_0054	42
Halfan_0081	Halfan_0159	21
Halfan_0082	Magnificant_0906	33
Halfan_0082	Halfan_0216	45
Halfan_0089	Halfan_0091	22
Halfan_0091	Halfan_0089	18
Halfan_0100	Magnificant_0905	50
Halfan_0107	Halfan_0143	33
Halfan_0107	Halfan_0158	33
Halfan_0108	Magnificant_0020	25
Halfan_0110	Munic_448_0002	28
Halfan_0111	Magnificant_0008	100
Halfan_0111	Magnificant_0014	33
Halfan_0111	Munic_448_0002	33
Halfan_0113	Brescia_0031	11
Halfan_0113	Brescia_0030	26
Halfan_0116	Brescia_0048	13
Halfan_0116	Brescia_0043	17
Halfan_0118	Munic_448_0010	47
Halfan_0118	Magnificant_0873	13
Halfan_0122	Munic_448_0013	34
Halfan_0123	Halfan_0120	22
Halfan_0124	Magnificant_0192	93
Halfan_0137	Munic_448_0022	50
Halfan_0137	Magnificant_0289	83
Halfan_0137	Halfan_0157	41
Halfan_0138	Magnificant_0711	58
Halfan_0138	Magnificant_0649	58
Halfan_0138	Halfan_0106	16
Halfan_0139	Halfan_0041	25
Halfan_0143	Halfan_0107	40
Halfan_0143	Munic_448_0017	40
Halfan_0143	Halfan_0158	40
Halfan_0147	Halfan_0164	23
Halfan_0149	Halfan_0198	21
Halfan_0157	Munic_448_0022	44
Halfan_0157	Halfan_0137	44
Halfan_0157	Magnificant_0289	66
Halfan_0158	Halfan_0143	40
Halfan_0158	Halfan_0107	40
Halfan_0165	Magnificant_0814	40
Halfan_0165	Halfan_0049	40
Halfan_0168	Halfan_0130	15
Halfan_0169	Halfan_0115	50
Halfan_0169	Halfan_0113	50
Halfan_0171	Halfan_0106	100
Halfan_0172	Halfan_0016	19
Halfan_0173	Halfan_0121	50
Halfan_0173	Halfan_0120	50
Halfan_0173	Halfan_0159	50
Halfan_0174	Munic_448_0012	16
Halfan_0177	Halfan_0022	15
Halfan_0182	Halfan_0152	50
Halfan_0183	Halfan_0186	14
Halfan_0183	Halfan_0029	14
Halfan_0185	Halfan_0146	50
Halfan_0188	Brescia_0047	50
Halfan_0188	Brescia_0048	50
Halfan_0188	Munic_448_0030	50
Halfan_0188	Magnificant_0014	50
Halfan_0189	Halfan_0036	13
Halfan_0196	Halfan_0205	25
Halfan_0197	Halfan_0045	66
Halfan_0198	Halfan_0048	68
Halfan_0199	Halfan_0050	25
Halfan_0199	Munic_448_0039	25
Halfan_0200	Halfan_0049	62
Halfan_0201	Halfan_0051	40
Halfan_0202	Halfan_0054	50
Halfan_0202	Magnificant_0527	25
Halfan_0202	Halfan_0093	25
Halfan_0203	Munic_448_0042	50
Halfan_0203	Halfan_0056	50
Halfan_0204	Halfan_0059	42
Halfan_0205	Halfan_0196	33
Halfan_0206	Halfan_0061	33
Halfan_0207	Halfan_0205	33
Halfan_0210	Halfan_0069	50
Halfan_0211	Halfan_0070	33
Halfan_0211	Halfan_0212	33
Halfan_0212	Halfan_0073	37
Halfan_0212	Halfan_0211	25
Halfan_0213	Halfan_0076	57
Halfan_0213	Magnificant_0322	28
Halfan_0214	Halfan_0078	42
Halfan_0215	Halfan_0080	18
Halfan_0216	Munic_448_0055	15
Halfan_0216	Halfan_0082	69
Halfan_0216	Magnificant_0906	38
Halfan_0219	Magnificant_0867	25
Halfan_0219	Magnificant_0873	25
Halfan_0224	Halfan_0226	10
Halfan_0224	Magnificant_0376	15
Halfan_0230	Halfan_0255	44
Halfan_0231	Halfan_0244	36
Halfan_0232	Halfan_0105	25
Halfan_0255	Halfan_0230	86