Doc	MatchingDoc	MatchPercentage
Magnificant_0006	Magnificant_0631	27
Magnificant_0007	Magnificant_0595	33
Magnificant_0008	Halfan_0110	33
Magnificant_0008	Munic_448_0002	44
Magnificant_0021	Halfan_0109	68
Magnificant_0022	Munic_448_0003	27
Magnificant_0025	Halfan_0159	100
Magnificant_0026	Magnificant_0711	100
Magnificant_0026	Magnificant_0649	100
Magnificant_0026	Halfan_0138	100
Magnificant_0027	Magnificant_0711	100
Magnificant_0027	Magnificant_0649	100
Magnificant_0027	Halfan_0138	100
Magnificant_0028	Magnificant_0711	100
Magnificant_0028	Magnificant_0649	100
Magnificant_0028	Halfan_0138	100
Magnificant_0029	Magnificant_0711	100
Magnificant_0029	Magnificant_0649	100
Magnificant_0029	Halfan_0138	100
Magnificant_0030	Magnificant_0711	100
Magnificant_0030	Magnificant_0649	100
Magnificant_0030	Halfan_0138	100
Magnificant_0031	Magnificant_0711	100
Magnificant_0031	Magnificant_0649	100
Magnificant_0031	Halfan_0138	100
Magnificant_0032	Magnificant_0711	100
Magnificant_0032	Magnificant_0649	100
Magnificant_0032	Halfan_0138	100
Magnificant_0033	Magnificant_0711	100
Magnificant_0033	Magnificant_0649	100
Magnificant_0033	Halfan_0138	100
Magnificant_0034	Halfan_0138	100
Magnificant_0034	Halfan_0045	100
Magnificant_0034	Halfan_0122	100
Magnificant_0035	Halfan_0047	100
Magnificant_0035	Magnificant_0599	100
Magnificant_0035	Halfan_0133	100
Magnificant_0036	Magnificant_0599	100
Magnificant_0048	Magnificant_0435	32
Magnificant_0048	Magnificant_0677	27
Magnificant_0049	Magnificant_0756	16
Magnificant_0049	Magnificant_0610	16
Magnificant_0050	Magnificant_0675	25
Magnificant_0069	Halfan_0106	18
Magnificant_0084	Magnificant_0865	100
Magnificant_0084	Halfan_0224	100
Magnificant_0086	Magnificant_0711	100
Magnificant_0086	Magnificant_0649	100
Magnificant_0086	Halfan_0138	100
Magnificant_0087	Magnificant_0711	100
Magnificant_0087	Magnificant_0649	100
Magnificant_0087	Halfan_0138	100
Magnificant_0088	Magnificant_0711	100
Magnificant_0088	Magnificant_0649	100
Magnificant_0088	Halfan_0138	100
Magnificant_0089	Magnificant_0711	100
Magnificant_0089	Magnificant_0649	100
Magnificant_0089	Halfan_0138	100
Magnificant_0090	Magnificant_0711	100
Magnificant_0090	Magnificant_0649	100
Magnificant_0090	Halfan_0138	100
Magnificant_0091	Magnificant_0711	100
Magnificant_0091	Magnificant_0649	100
Magnificant_0091	Halfan_0138	100
Magnificant_0092	Magnificant_0711	100
Magnificant_0092	Magnificant_0649	100
Magnificant_0092	Halfan_0138	100
Magnificant_0093	Magnificant_0711	100
Magnificant_0093	Magnificant_0649	100
Magnificant_0093	Halfan_0138	100
Magnificant_0094	Halfan_0138	100
Magnificant_0094	Halfan_0045	100
Magnificant_0094	Halfan_0122	100
Magnificant_0095	Halfan_0047	100
Magnificant_0095	Magnificant_0599	100
Magnificant_0095	Halfan_0133	100
Magnificant_0096	Magnificant_0599	100
Magnificant_0097	Halfan_0228	100
Magnificant_0097	Magnificant_0599	100
Magnificant_0098	Halfan_0120	100
Magnificant_0098	Magnificant_0871	100
Magnificant_0098	Magnificant_0456	100
Magnificant_0099	Halfan_0228	100
Magnificant_0100	Magnificant_0456	100
Magnificant_0101	Halfan_0228	100
Magnificant_0101	Magnificant_0551	100
Magnificant_0101	Magnificant_0599	100
Magnificant_0102	Magnificant_0117	100
Magnificant_0102	Magnificant_0122	100
Magnificant_0102	Magnificant_0599	100
Magnificant_0103	Halfan_0099	100
Magnificant_0104	Halfan_0226	100
Magnificant_0104	Halfan_0102	100
Magnificant_0104	Halfan_0135	100
Magnificant_0105	Magnificant_0864	100
Magnificant_0105	Halfan_0130	100
Magnificant_0105	Halfan_0229	100
Magnificant_0106	Magnificant_0864	100
Magnificant_0106	Halfan_0102	100
Magnificant_0106	Magnificant_0797	100
Magnificant_0107	Halfan_0099	100
Magnificant_0107	Magnificant_0864	100
Magnificant_0107	Magnificant_0651	100
Magnificant_0108	Magnificant_0864	100
Magnificant_0108	Halfan_0102	100
Magnificant_0108	Halfan_0133	100
Magnificant_0109	Magnificant_0864	100
Magnificant_0109	Halfan_0229	100
Magnificant_0109	Halfan_0102	100
Magnificant_0110	Magnificant_0864	100
Magnificant_0110	Halfan_0229	100
Magnificant_0110	Halfan_0102	100
Magnificant_0111	Brescia_0075	100
Magnificant_0111	Magnificant_0729	100
Magnificant_0111	Halfan_0102	100
Magnificant_0112	Magnificant_0864	100
Magnificant_0112	Magnificant_0990	100
Magnificant_0112	Halfan_0102	100
Magnificant_0113	Halfan_0106	100
Magnificant_0113	Halfan_0102	100
Magnificant_0113	Halfan_0134	100
Magnificant_0114	Halfan_0130	100
Magnificant_0114	Halfan_0047	100
Magnificant_0114	Magnificant_0334	100
Magnificant_0115	Magnificant_0889	100
Magnificant_0115	Magnificant_0270	100
Magnificant_0115	Halfan_0129	100
Magnificant_0119	Magnificant_0349	100
Magnificant_0120	Magnificant_0456	100
Magnificant_0125	Brescia_0030	27
Magnificant_0125	Halfan_0113	27
Magnificant_0129	Magnificant_0711	100
Magnificant_0129	Magnificant_0649	100
Magnificant_0129	Halfan_0138	100
Magnificant_0130	Magnificant_0711	100
Magnificant_0130	Magnificant_0649	100
Magnificant_0130	Halfan_0138	100
Magnificant_0131	Magnificant_0711	100
Magnificant_0131	Magnificant_0649	100
Magnificant_0131	Halfan_0138	100
Magnificant_0132	Magnificant_0711	100
Magnificant_0132	Magnificant_0649	100
Magnificant_0132	Halfan_0138	100
Magnificant_0133	Magnificant_0711	100
Magnificant_0133	Magnificant_0649	100
Magnificant_0133	Halfan_0138	100
Magnificant_0134	Magnificant_0711	100
Magnificant_0134	Magnificant_0649	100
Magnificant_0134	Halfan_0138	100
Magnificant_0135	Magnificant_0711	100
Magnificant_0135	Magnificant_0649	100
Magnificant_0135	Halfan_0138	100
Magnificant_0136	Magnificant_0711	100
Magnificant_0136	Magnificant_0649	100
Magnificant_0136	Halfan_0138	100
Magnificant_0137	Halfan_0138	100
Magnificant_0137	Halfan_0045	100
Magnificant_0137	Halfan_0122	100
Magnificant_0138	Halfan_0047	100
Magnificant_0138	Magnificant_0599	100
Magnificant_0138	Halfan_0133	100
Magnificant_0139	Magnificant_0599	100
Magnificant_0140	Halfan_0228	100
Magnificant_0140	Magnificant_0599	100
Magnificant_0141	Halfan_0120	100
Magnificant_0141	Magnificant_0871	100
Magnificant_0141	Magnificant_0456	100
Magnificant_0142	Halfan_0228	100
Magnificant_0143	Magnificant_0456	100
Magnificant_0144	Halfan_0228	100
Magnificant_0144	Magnificant_0551	100
Magnificant_0144	Magnificant_0599	100
Magnificant_0145	Magnificant_0117	100
Magnificant_0145	Magnificant_0122	100
Magnificant_0145	Magnificant_0599	100
Magnificant_0146	Halfan_0099	100
Magnificant_0147	Halfan_0226	100
Magnificant_0147	Halfan_0102	100
Magnificant_0147	Halfan_0135	100
Magnificant_0148	Magnificant_0864	100
Magnificant_0148	Halfan_0130	100
Magnificant_0148	Halfan_0229	100
Magnificant_0149	Magnificant_0864	100
Magnificant_0149	Halfan_0102	100
Magnificant_0149	Magnificant_0797	100
Magnificant_0150	Halfan_0099	100
Magnificant_0150	Magnificant_0864	100
Magnificant_0150	Magnificant_0651	100
Magnificant_0151	Magnificant_0864	100
Magnificant_0151	Halfan_0102	100
Magnificant_0151	Halfan_0133	100
Magnificant_0152	Magnificant_0864	100
Magnificant_0152	Halfan_0229	100
Magnificant_0152	Halfan_0102	100
Magnificant_0153	Magnificant_0864	100
Magnificant_0153	Halfan_0229	100
Magnificant_0153	Halfan_0102	100
Magnificant_0154	Brescia_0075	100
Magnificant_0154	Magnificant_0729	100
Magnificant_0154	Halfan_0102	100
Magnificant_0155	Magnificant_0864	100
Magnificant_0155	Magnificant_0990	100
Magnificant_0155	Halfan_0102	100
Magnificant_0156	Halfan_0106	100
Magnificant_0156	Halfan_0102	100
Magnificant_0156	Halfan_0134	100
Magnificant_0157	Halfan_0130	100
Magnificant_0157	Halfan_0047	100
Magnificant_0157	Magnificant_0334	100
Magnificant_0158	Magnificant_0889	100
Magnificant_0158	Magnificant_0270	100
Magnificant_0158	Halfan_0129	100
Magnificant_0159	Magnificant_0270	100
Magnificant_0160	Magnificant_0270	100
Magnificant_0160	Halfan_0248	100
Magnificant_0161	Magnificant_0523	100
Magnificant_0161	Magnificant_0270	100
Magnificant_0161	Halfan_0047	100
Magnificant_0162	Magnificant_0270	100
Magnificant_0162	Brescia_0130	100
Magnificant_0162	Halfan_0047	100
Magnificant_0163	Magnificant_0270	100
Magnificant_0163	Halfan_0095	100
Magnificant_0163	Halfan_0047	100
Magnificant_0164	Magnificant_0270	100
Magnificant_0164	Halfan_0047	100
Magnificant_0164	Magnificant_0334	100
Magnificant_0165	Halfan_0160	100
Magnificant_0165	Halfan_0159	100
Magnificant_0166	Halfan_0156	100
Magnificant_0168	Halfan_0117	100
Magnificant_0169	Halfan_0159	100
Magnificant_0170	Halfan_0121	100
Magnificant_0170	Magnificant_0880	100
Magnificant_0171	Magnificant_0396	100
Magnificant_0171	Magnificant_0990	100
Magnificant_0173	Halfan_0248	100
Magnificant_0174	Halfan_0117	100
Magnificant_0174	Halfan_0049	100
Magnificant_0174	Halfan_0156	100
Magnificant_0181	Magnificant_0121	40
Magnificant_0181	Halfan_0016	40
Magnificant_0184	Magnificant_0195	33
Magnificant_0184	Magnificant_0185	33
Magnificant_0186	Magnificant_0810	28
Magnificant_0186	Magnificant_0811	12
Magnificant_0187	Magnificant_0823	12
Magnificant_0192	Halfan_0124	94
Magnificant_0193	Magnificant_0222	12
Magnificant_0219	Magnificant_0288	50
Magnificant_0222	Magnificant_0193	13
Magnificant_0223	Brescia_0130	50
Magnificant_0225	Magnificant_0039	33
Magnificant_0225	Magnificant_0907	33
Magnificant_0225	Magnificant_0279	33
Magnificant_0229	Magnificant_0705	50
Magnificant_0231	Magnificant_0824	15
Magnificant_0231	Magnificant_0705	15
Magnificant_0232	Magnificant_0884	24
Magnificant_0234	Magnificant_0870	100
Magnificant_0260	Halfan_0139	100
Magnificant_0269	Magnificant_0892	16
Magnificant_0269	Magnificant_0980	12
Magnificant_0275	Munic_448_0025	21
Magnificant_0278	Magnificant_0882	100
Magnificant_0281	Magnificant_0897	45
Magnificant_0281	Magnificant_0290	36
Magnificant_0287	Halfan_0156	18
Magnificant_0287	Magnificant_0279	18
Magnificant_0289	Munic_448_0022	66
Magnificant_0289	Halfan_0137	55
Magnificant_0289	Halfan_0157	44
Magnificant_0290	Magnificant_0897	33
Magnificant_0290	Magnificant_0281	77
Magnificant_0292	Magnificant_0256	11
Magnificant_0293	Magnificant_0446	25
Magnificant_0294	Magnificant_0942	13
Magnificant_0307	Magnificant_0347	13
Magnificant_0307	Magnificant_0552	13
Magnificant_0313	Munic_448_0035	66
Magnificant_0316	Munic_448_0038	15
Magnificant_0316	Munic_448_0037	30
Magnificant_0319	Munic_448_0040	31
Magnificant_0320	Munic_448_0043	33
Magnificant_0320	Munic_448_0042	41
Magnificant_0320	Halfan_0058	41
Magnificant_0320	Halfan_0057	16
Magnificant_0320	Halfan_0056	14
Magnificant_0322	Munic_448_0045	18
Magnificant_0322	Halfan_0076	18
Magnificant_0322	Halfan_0213	18
Magnificant_0323	Munic_448_0045	35
Magnificant_0323	Munic_448_0044	29
Magnificant_0323	Magnificant_0324	23
Magnificant_0324	Munic_448_0045	41
Magnificant_0324	Munic_448_0044	33
Magnificant_0324	Magnificant_0322	12
Magnificant_0324	Magnificant_0323	25
Magnificant_0325	Munic_448_0047	21
Magnificant_0326	Magnificant_0645	18
Magnificant_0328	Halfan_0064	12
Magnificant_0328	Munic_448_0048	12
Magnificant_0330	Magnificant_0331	22
Magnificant_0331	Magnificant_0330	23
Magnificant_0333	Munic_448_0050	20
Magnificant_0333	Munic_448_0049	33
Magnificant_0334	Magnificant_0633	31
Magnificant_0334	Munic_448_0053	13
Magnificant_0336	Munic_448_0054	19
Magnificant_0336	Halfan_0081	14
Magnificant_0339	Magnificant_0648	30
Magnificant_0346	Magnificant_0595	28
Magnificant_0347	Magnificant_0307	37
Magnificant_0347	Magnificant_0824	25
Magnificant_0347	Magnificant_0552	75
Magnificant_0350	Magnificant_0607	50
Magnificant_0352	Magnificant_0914	28
Magnificant_0355	Magnificant_0363	20
Magnificant_0357	Magnificant_0363	20
Magnificant_0359	Magnificant_0904	15
Magnificant_0360	Magnificant_0359	18
Magnificant_0360	Magnificant_0923	18
Magnificant_0361	Magnificant_0445	50
Magnificant_0364	Magnificant_0349	33
Magnificant_0366	Magnificant_0944	28
Magnificant_0368	Magnificant_0370	18
Magnificant_0369	Magnificant_0368	100
Magnificant_0369	Magnificant_0357	100
Magnificant_0370	Magnificant_0366	23
Magnificant_0371	Magnificant_0383	100
Magnificant_0371	Halfan_0224	100
Magnificant_0372	Halfan_0224	40
Magnificant_0376	Halfan_0224	39
Magnificant_0379	Magnificant_0122	50
Magnificant_0379	Magnificant_0883	50
Magnificant_0380	Magnificant_0307	50
Magnificant_0380	Halfan_0016	50
Magnificant_0383	Halfan_0224	50
Magnificant_0383	Magnificant_0376	25
Magnificant_0386	Magnificant_0359	100
Magnificant_0386	Magnificant_0904	100
Magnificant_0393	Magnificant_0991	80
Magnificant_0394	Magnificant_0395	25
Magnificant_0394	Magnificant_0991	100
Magnificant_0395	Magnificant_0991	90
Magnificant_0395	Magnificant_0980	20
Magnificant_0396	Magnificant_0990	93
Magnificant_0397	Magnificant_0990	100
Magnificant_0421	Magnificant_0416	22
Magnificant_0427	Magnificant_0870	25
Magnificant_0431	Magnificant_0935	17
Magnificant_0433	Magnificant_0892	12
Magnificant_0433	Magnificant_0980	12
Magnificant_0435	Magnificant_0809	12
Magnificant_0438	Magnificant_0963	24
Magnificant_0445	Magnificant_0361	11
Magnificant_0473	Magnificant_0613	33
Magnificant_0473	Magnificant_0051	33
Magnificant_0482	Munic_448_0017	100
Magnificant_0483	Magnificant_0349	100
Magnificant_0504	Magnificant_0899	50
Magnificant_0527	Halfan_0054	33
Magnificant_0527	Halfan_0093	33
Magnificant_0528	Halfan_0217	50
Magnificant_0528	Halfan_0159	50
Magnificant_0528	Magnificant_0332	100
Magnificant_0531	Brescia_0029	50
Magnificant_0531	Halfan_0114	50
Magnificant_0531	Halfan_0069	50
Magnificant_0532	Magnificant_0183	33
Magnificant_0536	Magnificant_0537	33
Magnificant_0537	Magnificant_0536	33
Magnificant_0541	Magnificant_0275	25
Magnificant_0541	Halfan_0133	25
Magnificant_0543	Magnificant_0939	18
Magnificant_0545	Halfan_0120	25
Magnificant_0550	Halfan_0120	66
Magnificant_0550	Halfan_0008	33
Magnificant_0550	Halfan_0226	66
Magnificant_0550	Halfan_0255	33
Magnificant_0551	Magnificant_0429	16
Magnificant_0552	Magnificant_0347	35
Magnificant_0552	Magnificant_0307	17
Magnificant_0559	Magnificant_0990	100
Magnificant_0559	Magnificant_0455	100
Magnificant_0560	Magnificant_0990	100
Magnificant_0561	Magnificant_0990	100
Magnificant_0562	Magnificant_0990	100
Magnificant_0562	Magnificant_0455	100
Magnificant_0563	Magnificant_0455	100
Magnificant_0566	Magnificant_0880	100
Magnificant_0568	Magnificant_0944	33
Magnificant_0568	Magnificant_0917	33
Magnificant_0568	Halfan_0248	33
Magnificant_0568	Magnificant_0366	33
Magnificant_0569	Magnificant_0615	25
Magnificant_0571	Magnificant_0570	17
Magnificant_0571	Magnificant_0375	17
Magnificant_0574	Magnificant_0758	33
Magnificant_0580	Magnificant_0041	16
Magnificant_0582	Magnificant_0907	20
Magnificant_0585	Halfan_0025	25
Magnificant_0586	Brescia_0089	50
Magnificant_0586	Brescia_0060	50
Magnificant_0586	Halfan_0025	50
Magnificant_0589	Brescia_0047	100
Magnificant_0591	Halfan_0120	50
Magnificant_0592	Magnificant_0941	100
Magnificant_0592	Halfan_0019	100
Magnificant_0595	Magnificant_0007	17
Magnificant_0614	Magnificant_0881	18
Magnificant_0614	Halfan_0226	22
Magnificant_0629	Magnificant_0783	17
Magnificant_0633	Magnificant_0334	57
Magnificant_0636	Magnificant_0220	18
Magnificant_0642	Magnificant_0227	21
Magnificant_0645	Magnificant_0326	12
Magnificant_0648	Magnificant_0339	60
Magnificant_0649	Magnificant_0711	50
Magnificant_0649	Halfan_0138	50
Magnificant_0650	Magnificant_0378	18
Magnificant_0654	Magnificant_0859	61
Magnificant_0657	Magnificant_0601	100
Magnificant_0657	Magnificant_0758	100
Magnificant_0657	Magnificant_0332	100
Magnificant_0660	Magnificant_0579	100
Magnificant_0660	Magnificant_0809	100
Magnificant_0660	Magnificant_0675	100
Magnificant_0663	Magnificant_0918	100
Magnificant_0663	Magnificant_0675	100
Magnificant_0666	Magnificant_0824	100
Magnificant_0666	Magnificant_0230	100
Magnificant_0666	Magnificant_0231	100
Magnificant_0669	Magnificant_0436	100
Magnificant_0669	Magnificant_0677	100
Magnificant_0670	Magnificant_0677	100
Magnificant_0671	Halfan_0152	100
Magnificant_0672	Magnificant_0711	100
Magnificant_0672	Magnificant_0649	100
Magnificant_0672	Halfan_0138	100
Magnificant_0676	Magnificant_0600	14
Magnificant_0680	Halfan_0159	100
Magnificant_0684	Magnificant_0220	100
Magnificant_0685	Magnificant_0220	33
Magnificant_0685	Magnificant_0687	33
Magnificant_0687	Magnificant_0685	33
Magnificant_0689	Halfan_0231	50
Magnificant_0689	Halfan_0130	50
Magnificant_0689	Halfan_0156	50
Magnificant_0690	Halfan_0170	33
Magnificant_0690	Halfan_0012	33
Magnificant_0692	Magnificant_0600	50
Magnificant_0695	Magnificant_0357	25
Magnificant_0696	Magnificant_0624	25
Magnificant_0709	Magnificant_0785	30
Magnificant_0711	Magnificant_0649	86
Magnificant_0711	Halfan_0138	86
Magnificant_0712	Magnificant_0889	13
Magnificant_0746	Halfan_0117	50
Magnificant_0753	Magnificant_0810	50
Magnificant_0756	Halfan_0117	12
Magnificant_0765	Magnificant_0614	100
Magnificant_0765	Magnificant_0709	100
Magnificant_0766	Magnificant_0709	100
Magnificant_0767	Magnificant_0867	50
Magnificant_0767	Munic_448_0010	50
Magnificant_0767	Magnificant_0873	50
Magnificant_0769	Halfan_0177	50
Magnificant_0775	Halfan_0032	50
Magnificant_0775	Magnificant_0871	50
Magnificant_0777	Halfan_0133	50
Magnificant_0783	Magnificant_0629	12
Magnificant_0784	Magnificant_0913	95
Magnificant_0787	Munic_448_0033	50
Magnificant_0797	Magnificant_0871	43
Magnificant_0801	Magnificant_0803	14
Magnificant_0801	Magnificant_0802	40
Magnificant_0802	Magnificant_0801	28
Magnificant_0802	Magnificant_0803	18
Magnificant_0803	Magnificant_0801	17
Magnificant_0803	Magnificant_0802	17
Magnificant_0805	Magnificant_0454	28
Magnificant_0808	Magnificant_0435	23
Magnificant_0809	Magnificant_0435	40
Magnificant_0809	Magnificant_0186	14
Magnificant_0810	Magnificant_0186	84
Magnificant_0811	Magnificant_0186	35
Magnificant_0819	Magnificant_0818	14
Magnificant_0823	Magnificant_0187	30
Magnificant_0824	Magnificant_0187	25
Magnificant_0824	Magnificant_0552	12
Magnificant_0859	Magnificant_0654	61
Magnificant_0861	Magnificant_0956	50
Magnificant_0867	Munic_448_0010	52
Magnificant_0867	Magnificant_0873	76
Magnificant_0871	Magnificant_0797	17
Magnificant_0873	Magnificant_0867	81
Magnificant_0873	Munic_448_0010	50
Magnificant_0875	Magnificant_0645	38
Magnificant_0884	Magnificant_0232	19
Magnificant_0887	Magnificant_0615	50
Magnificant_0887	Magnificant_0232	50
Magnificant_0888	Magnificant_0081	50
Magnificant_0888	Magnificant_0618	50
Magnificant_0888	Magnificant_0076	50
Magnificant_0897	Magnificant_0290	21
Magnificant_0897	Magnificant_0281	31
Magnificant_0904	Magnificant_0944	12
Magnificant_0906	Munic_448_0028	28
Magnificant_0913	Magnificant_0784	95
Magnificant_0920	Magnificant_0677	33
Magnificant_0922	Magnificant_0923	66
Magnificant_0928	Magnificant_0122	100
Magnificant_0933	Magnificant_0904	20
Magnificant_0947	Magnificant_0417	50
Magnificant_0947	Magnificant_0651	50
Magnificant_0952	Magnificant_0457	25
Magnificant_0952	Magnificant_0960	25
Magnificant_0952	Halfan_0224	25
Magnificant_0952	Magnificant_0346	25
Magnificant_0952	Magnificant_0797	50
Magnificant_0957	Magnificant_0982	16
Magnificant_0960	Magnificant_0963	20
Magnificant_0961	Magnificant_0276	20
Magnificant_0963	Magnificant_0438	38
Magnificant_0967	Brescia_0135	33
Magnificant_0967	Magnificant_0917	33
Magnificant_0972	Halfan_0120	100
Magnificant_0973	Halfan_0120	100
Magnificant_0974	Halfan_0099	50
Magnificant_0974	Halfan_0008	50
Magnificant_0976	Magnificant_0307	14
Magnificant_0979	Magnificant_0965	50
Magnificant_0980	Magnificant_0892	12
Magnificant_0989	Brescia_0075	100
Magnificant_0991	Magnificant_0393	30
Magnificant_0991	Magnificant_0395	34
Magnificant_0992	Magnificant_0999	18
Magnificant_0992	Magnificant_0995	18
Magnificant_0993	Magnificant_1001	20
Magnificant_0994	Magnificant_0998	33
Magnificant_0994	Magnificant_1002	33
Magnificant_0995	Magnificant_0999	15
Magnificant_0995	Magnificant_0992	15
Magnificant_0996	Magnificant_1000	37
Magnificant_0996	Magnificant_0993	25
Magnificant_0997	Magnificant_1001	33
Magnificant_0997	Magnificant_0993	16
Magnificant_0998	Magnificant_1002	27
Magnificant_0998	Magnificant_0994	18
Magnificant_0999	Magnificant_0992	18
Magnificant_0999	Magnificant_0995	18
Magnificant_1000	Magnificant_0996	23
Magnificant_1000	Magnificant_0993	15
Magnificant_1001	Magnificant_0997	36
Magnificant_1001	Magnificant_0993	36
Magnificant_1002	Magnificant_0998	30
Magnificant_1002	Magnificant_0994	15