Doc	MatchingDoc	MatchPercentage
Munic_448_0001	Halfan_0135	25
Munic_448_0001	Magnificant_0299	25
Munic_448_0002	Halfan_0110	40
Munic_448_0002	Magnificant_0008	40
Munic_448_0003	Magnificant_0022	21
Munic_448_0004	Magnificant_0614	50
Munic_448_0007	Halfan_0012	13
Munic_448_0009	Halfan_0016	15
Munic_448_0010	Magnificant_0867	15
Munic_448_0010	Halfan_0118	46
Munic_448_0010	Magnificant_0873	18
Munic_448_0013	Halfan_0122	21
Munic_448_0014	Halfan_0126	100
Munic_448_0014	Brescia_0029	100
Munic_448_0014	Halfan_0102	100
Munic_448_0018	Halfan_0135	100
Munic_448_0022	Halfan_0137	58
Munic_448_0022	Magnificant_0289	50
Munic_448_0022	Halfan_0157	25
Munic_448_0024	Halfan_0029	15
Munic_448_0025	Magnificant_0275	30
Munic_448_0027	Halfan_0032	26
Munic_448_0027	Munic_448_0024	20
Munic_448_0028	Magnificant_0906	44
Munic_448_0029	Magnificant_0906	100
Munic_448_0029	Halfan_0227	100
Munic_448_0032	Halfan_0159	100
Munic_448_0032	Halfan_0224	100
Munic_448_0033	Magnificant_0787	20
Munic_448_0035	Magnificant_0313	27
Munic_448_0035	Munic_448_0036	18
Munic_448_0036	Munic_448_0035	28
Munic_448_0037	Magnificant_0316	22
Munic_448_0039	Halfan_0050	50
Munic_448_0040	Magnificant_0319	53
Munic_448_0042	Magnificant_0320	38
Munic_448_0042	Halfan_0058	25
Munic_448_0042	Halfan_0056	19
Munic_448_0043	Magnificant_0320	34
Munic_448_0043	Halfan_0058	34
Munic_448_0043	Halfan_0057	38
Munic_448_0044	Munic_448_0045	87
Munic_448_0044	Magnificant_0323	25
Munic_448_0045	Munic_448_0044	81
Munic_448_0045	Magnificant_0324	25
Munic_448_0045	Magnificant_0323	25
Munic_448_0047	Magnificant_0325	22
Munic_448_0048	Magnificant_0328	22
Munic_448_0049	Magnificant_0333	53
Munic_448_0050	Magnificant_0333	38
Munic_448_0051	Munic_448_0053	64
Munic_448_0052	Munic_448_0053	100
Munic_448_0052	Magnificant_0334	100
Munic_448_0053	Munic_448_0051	72
Munic_448_0053	Magnificant_0334	33
Munic_448_0054	Halfan_0081	28
Munic_448_0054	Halfan_0080	24